address	name	source
1800be7f0	entry	IMPORTED
1800be7f0	_DllMainCRTStartup	IMPORTED
1800c3c20	EspInitUnicodeString	IMPORTED
1800c3c20	Ordinal_75	IMPORTED
1800c3c90	EspStringMatchesPattern	IMPORTED
1800c3c90	Ordinal_117	IMPORTED
1800c3e90	EspEnumerateEventQueueIds	IMPORTED
1800c3e90	Ordinal_62	IMPORTED
1800c4200	EspEnumerateCollectionEntries	IMPORTED
1800c4200	Ordinal_59	IMPORTED
1800c4590	EspEnumerateCollectionIds	IMPORTED
1800c4590	Ordinal_60	IMPORTED
1800c4900	EspUpdateCollection	IMPORTED
1800c4900	Ordinal_119	IMPORTED
1800c4bd0	EspCloseCollection	IMPORTED
1800c4bd0	Ordinal_4	IMPORTED
1800c4d90	EspOpenCollection	IMPORTED
1800c4d90	Ordinal_92	IMPORTED
1800c51f0	EspGetCollectionType	IMPORTED
1800c51f0	Ordinal_68	IMPORTED
1800c5360	EspGetCollectionId	IMPORTED
1800c5360	Ordinal_67	IMPORTED
1800c54e0	EspCreateCollection	IMPORTED
1800c54e0	Ordinal_15	IMPORTED
1800c59e0	EspCreateDesktopReference	IMPORTED
1800c59e0	Ordinal_17	IMPORTED
1800c5ce0	EspCreateRegistryKeyReference	IMPORTED
1800c5ce0	Ordinal_44	IMPORTED
1800c62d0	EspCreateMailslotReference	IMPORTED
1800c62d0	Ordinal_34	IMPORTED
1800c6660	EspCreatePipeReference	IMPORTED
1800c6660	Ordinal_38	IMPORTED
1800c69f0	EspCreateDiskReference	IMPORTED
1800c69f0	Ordinal_19	IMPORTED
1800c6d80	EspCreateVolumeReference	IMPORTED
1800c6d80	Ordinal_51	IMPORTED
1800c7080	EspCreateFileStreamReferenceById	IMPORTED
1800c7080	Ordinal_29	IMPORTED
1800c7540	EspCreateFileStreamReferenceByPath	IMPORTED
1800c7540	Ordinal_30	IMPORTED
1800c78d0	EspCreateFileReferenceById	IMPORTED
1800c78d0	Ordinal_26	IMPORTED
1800c7c20	EspCreateFileReferenceByPath	IMPORTED
1800c7c20	Ordinal_27	IMPORTED
1800c7fb0	EspIsClientPropertySupported	IMPORTED
1800c7fb0	Ordinal_76	IMPORTED
1800c81d0	EspIsEventPropertySupported	IMPORTED
1800c81d0	Ordinal_79	IMPORTED
1800c83f0	EspIsTokenPropertySupported	IMPORTED
1800c83f0	Ordinal_90	IMPORTED
1800c8610	EspIsMailslotPropertySupported	IMPORTED
1800c8610	Ordinal_84	IMPORTED
1800c8830	EspIsPipePropertySupported	IMPORTED
1800c8830	Ordinal_85	IMPORTED
1800c8a50	EspIsKtmTransactionPropertySupported	IMPORTED
1800c8a50	Ordinal_83	IMPORTED
1800c8c70	EspIsDesktopPropertySupported	IMPORTED
1800c8c70	Ordinal_77	IMPORTED
1800c8e90	EspIsRegistryKeyObjectPropertySupported	IMPORTED
1800c8e90	Ordinal_87	IMPORTED
1800c90b0	EspIsRegistryKeyPropertySupported	IMPORTED
1800c90b0	Ordinal_88	IMPORTED
1800c92d0	EspIsDiskPropertySupported	IMPORTED
1800c92d0	Ordinal_78	IMPORTED
1800c94f0	EspIsVolumePropertySupported	IMPORTED
1800c94f0	Ordinal_91	IMPORTED
1800c9710	EspIsFileObjectPropertySupported	IMPORTED
1800c9710	Ordinal_80	IMPORTED
1800c9930	EspIsFilePropertySupported	IMPORTED
1800c9930	Ordinal_81	IMPORTED
1800c9b50	EspIsFileStreamPropertySupported	IMPORTED
1800c9b50	Ordinal_82	IMPORTED
1800c9d70	EspIsProcessPropertySupported	IMPORTED
1800c9d70	Ordinal_86	IMPORTED
1800c9f90	EspIsThreadPropertySupported	IMPORTED
1800c9f90	Ordinal_89	IMPORTED
1800ca1b0	EspCreateThreadTokenReference	IMPORTED
1800ca1b0	Ordinal_48	IMPORTED
1800ca470	EspCreateProcessTokenReference	IMPORTED
1800ca470	Ordinal_41	IMPORTED
1800ca730	EspCreateProcessReference	IMPORTED
1800ca730	Ordinal_40	IMPORTED
1800ca9f0	EspCreateThreadReference	IMPORTED
1800ca9f0	Ordinal_47	IMPORTED
1800cacb0	EspGetEventCapabilities	IMPORTED
1800cacb0	Ordinal_69	IMPORTED
1800caf70	EspFreeMemory	IMPORTED
1800caf70	Ordinal_66	IMPORTED
1800cb090	EspQueryDesktopProperties	IMPORTED
1800cb090	Ordinal_96	IMPORTED
1800cb230	EspQueryClientProperties	IMPORTED
1800cb230	Ordinal_95	IMPORTED
1800cb570	EspQueryTokenProperties	IMPORTED
1800cb570	Ordinal_108	IMPORTED
1800cb710	EspQueryMailslotProperties	IMPORTED
1800cb710	Ordinal_102	IMPORTED
1800cb8b0	EspQueryPipeProperties	IMPORTED
1800cb8b0	Ordinal_103	IMPORTED
1800cba50	EspQueryDiskProperties	IMPORTED
1800cba50	Ordinal_97	IMPORTED
1800cbbf0	EspQueryKtmTransactionProperties	IMPORTED
1800cbbf0	Ordinal_101	IMPORTED
1800cbd90	EspQueryVolumeProperties	IMPORTED
1800cbd90	Ordinal_109	IMPORTED
1800cbf30	EspQueryFileProperties	IMPORTED
1800cbf30	Ordinal_99	IMPORTED
1800cc0d0	EspQueryFileStreamProperties	IMPORTED
1800cc0d0	Ordinal_100	IMPORTED
1800cc270	EspQueryFileObjectProperties	IMPORTED
1800cc270	Ordinal_98	IMPORTED
1800cc410	EspQueryRegistryKeyObjectProperties	IMPORTED
1800cc410	Ordinal_105	IMPORTED
1800cc5b0	EspQueryRegistryKeyProperties	IMPORTED
1800cc5b0	Ordinal_106	IMPORTED
1800cc750	EspQueryThreadProperties	IMPORTED
1800cc750	Ordinal_107	IMPORTED
1800cc8f0	EspQueryProcessProperties	IMPORTED
1800cc8f0	Ordinal_104	IMPORTED
1800cca90	EspCloseEventObjectReference	IMPORTED
1800cca90	Ordinal_5	IMPORTED
1800ccd30	EspGetEventObjectFromReference	IMPORTED
1800ccd30	Ordinal_70	IMPORTED
1800ccf20	EspDuplicateEventObjectReference	IMPORTED
1800ccf20	Ordinal_55	IMPORTED
1800cd3c0	EspCreateEventObjectReferenceById	IMPORTED
1800cd3c0	Ordinal_22	IMPORTED
1800cd680	EspCreateEventObjectReference	IMPORTED
1800cd680	Ordinal_21	IMPORTED
1800cd8b0	EspEnumerateAllEventObjectContextKeys	IMPORTED
1800cd8b0	Ordinal_57	IMPORTED
1800cdb40	EspEnumerateAllClientContextKeys	IMPORTED
1800cdb40	Ordinal_56	IMPORTED
1800cde50	EspSetClientContextKey	IMPORTED
1800cde50	Ordinal_114	IMPORTED
1800ce0e0	EspSetEventObjectContextKey	IMPORTED
1800ce0e0	Ordinal_115	IMPORTED
1800ce2e0	EspGetEventObjectType	IMPORTED
1800ce2e0	Ordinal_72	IMPORTED
1800ce450	EspGetEventObjectId	IMPORTED
1800ce450	Ordinal_71	IMPORTED
1800ce5a0	EspCompleteEventNotification	IMPORTED
1800ce5a0	Ordinal_9	IMPORTED
1800ce7f0	EspEnumerateRuleIds	IMPORTED
1800ce7f0	Ordinal_64	IMPORTED
1800ceba0	EspEnumerateAllRulesForClient	IMPORTED
1800ceba0	Ordinal_58	IMPORTED
1800cef50	EspRemoveRulesForClient	IMPORTED
1800cef50	Ordinal_113	IMPORTED
1800cf1d0	EspRemoveAllRulesForClient	IMPORTED
1800cf1d0	Ordinal_111	IMPORTED
1800cf440	EspUpdateRules	IMPORTED
1800cf440	Ordinal_120	IMPORTED
1800cfc90	EspCloseRule	IMPORTED
1800cfc90	Ordinal_8	IMPORTED
1800cfdf0	EspGetRuleId	IMPORTED
1800cfdf0	Ordinal_74	IMPORTED
1800cff60	EspCreateRule	IMPORTED
1800cff60	Ordinal_45	IMPORTED
1800d0280	EspCloseFilter	IMPORTED
1800d0280	Ordinal_7	IMPORTED
1800d03e0	EspCreateNotFilter	IMPORTED
1800d03e0	Ordinal_35	IMPORTED
1800d0720	EspCreateXorFilter	IMPORTED
1800d0720	Ordinal_52	IMPORTED
1800d09c0	EspCreateOrFilter	IMPORTED
1800d09c0	Ordinal_36	IMPORTED
1800d0c60	EspCreateAndFilter	IMPORTED
1800d0c60	Ordinal_13	IMPORTED
1800d0f00	EspCreateEventFilter	IMPORTED
1800d0f00	Ordinal_20	IMPORTED
1800d10e0	EspCreateClientFilter	IMPORTED
1800d10e0	Ordinal_14	IMPORTED
1800d12c0	EspCreateTokenFilter	IMPORTED
1800d12c0	Ordinal_49	IMPORTED
1800d14a0	EspCreateMailslotFilter	IMPORTED
1800d14a0	Ordinal_33	IMPORTED
1800d1680	EspCreatePipeFilter	IMPORTED
1800d1680	Ordinal_37	IMPORTED
1800d1860	EspCreateKtmTransactionFilter	IMPORTED
1800d1860	Ordinal_32	IMPORTED
1800d1a40	EspCreateDesktopFilter	IMPORTED
1800d1a40	Ordinal_16	IMPORTED
1800d1c20	EspCreateRegistryKeyObjectFilter	IMPORTED
1800d1c20	Ordinal_43	IMPORTED
1800d1e00	EspCreateRegistryKeyFilter	IMPORTED
1800d1e00	Ordinal_42	IMPORTED
1800d1fe0	EspCreateDiskFilter	IMPORTED
1800d1fe0	Ordinal_18	IMPORTED
1800d21c0	EspCreateVolumeFilter	IMPORTED
1800d21c0	Ordinal_50	IMPORTED
1800d23a0	EspCreateFileObjectFilter	IMPORTED
1800d23a0	Ordinal_25	IMPORTED
1800d2580	EspCreateFileFilter	IMPORTED
1800d2580	Ordinal_24	IMPORTED
1800d2760	EspCreateFileStreamFilter	IMPORTED
1800d2760	Ordinal_28	IMPORTED
1800d2940	EspCreateProcessFilter	IMPORTED
1800d2940	Ordinal_39	IMPORTED
1800d2b20	EspCreateThreadFilter	IMPORTED
1800d2b20	Ordinal_46	IMPORTED
1800d2d00	EspCreateFilter	IMPORTED
1800d2d00	Ordinal_31	IMPORTED
1800d2ed0	EspRemoveEventQueueStateChangeCallback	IMPORTED
1800d2ed0	Ordinal_112	IMPORTED
1800d3190	EspSetEventQueueStateChangeCallback	IMPORTED
1800d3190	Ordinal_116	IMPORTED
1800d37a0	EspClearEventQueue	IMPORTED
1800d37a0	Ordinal_3	IMPORTED
1800d3a30	EspGetEventQueueId	IMPORTED
1800d3a30	Ordinal_73	IMPORTED
1800d3ba0	EspDisconnectEventQueue	IMPORTED
1800d3ba0	Ordinal_54	IMPORTED
1800d3ec0	EspOpenEventQueue	IMPORTED
1800d3ec0	Ordinal_93	IMPORTED
1800d42f0	EspCloseEventQueue	IMPORTED
1800d42f0	Ordinal_6	IMPORTED
1800d4520	EspConnectEventQueueWithIocp	IMPORTED
1800d4520	Ordinal_12	IMPORTED
1800d4660	EspConnectEventQueueWithCallback	IMPORTED
1800d4660	Ordinal_11	IMPORTED
1800d4780	EspCreateEventQueue	IMPORTED
1800d4780	Ordinal_23	IMPORTED
1800d4c70	EspArmEventNotification	IMPORTED
1800d4c70	Ordinal_2	IMPORTED
1800d4f40	EspFreeEventNotification	IMPORTED
1800d4f40	Ordinal_65	IMPORTED
1800d5070	EspAllocateEventNotification	IMPORTED
1800d5070	Ordinal_1	IMPORTED
1800d51a0	EspQueryClientDescriptor	IMPORTED
1800d51a0	Ordinal_94	IMPORTED
1800d5510	EspEnumerateConnectedClients	IMPORTED
1800d5510	Ordinal_61	IMPORTED
1800d5830	EspEnumerateRegisteredClients	IMPORTED
1800d5830	Ordinal_63	IMPORTED
1800d5b50	EspDisconnectClient	IMPORTED
1800d5b50	Ordinal_53	IMPORTED
1800d5df0	EspConnectClient	IMPORTED
1800d5df0	Ordinal_10	IMPORTED
1800d62f0	EspUnregisterClient	IMPORTED
1800d62f0	Ordinal_118	IMPORTED
1800d65e0	EspRegisterClient	IMPORTED
1800d65e0	Ordinal_110	IMPORTED
