address	name	signature
EXTERNAL:00000001	ADVAPI32.DLL::EventUnregister	ULONG __stdcall EventUnregister(REGHANDLE RegHandle)
EXTERNAL:00000002	ADVAPI32.DLL::EventRegister	ULONG __stdcall EventRegister(LPCGUID ProviderId, PENABLECALLBACK EnableCallback, PVOID CallbackContext, PREGHANDLE RegHandle)
EXTERNAL:00000003	ADVAPI32.DLL::EventSetInformation	undefined EventSetInformation(void)
EXTERNAL:00000004	ADVAPI32.DLL::EventWriteTransfer	ULONG __stdcall EventWriteTransfer(REGHANDLE RegHandle, PCEVENT_DESCRIPTOR EventDescriptor, LPCGUID ActivityId, LPCGUID RelatedActivityId, ULONG UserDataCount, PEVENT_DATA_DESCRIPTOR UserData)
EXTERNAL:00000005	ADVAPI32.DLL::GetLengthSid	DWORD __stdcall GetLengthSid(PSID pSid)
EXTERNAL:00000006	ADVAPI32.DLL::CopySid	BOOL __stdcall CopySid(DWORD nDestinationSidLength, PSID pDestinationSid, PSID pSourceSid)
EXTERNAL:00000008	ADVAPI32.DLL::IsValidSid	BOOL __stdcall IsValidSid(PSID pSid)
EXTERNAL:00000009	ADVAPI32.DLL::EventActivityIdControl	ULONG __stdcall EventActivityIdControl(ULONG ControlCode, LPGUID ActivityId)
EXTERNAL:0000000a	KERNEL32.DLL::GetProcessHeap	HANDLE __stdcall GetProcessHeap(void)
EXTERNAL:0000000b	KERNEL32.DLL::GetProcAddress	FARPROC __stdcall GetProcAddress(HMODULE hModule, LPCSTR lpProcName)
EXTERNAL:0000000c	KERNEL32.DLL::GetModuleHandleW	HMODULE __stdcall GetModuleHandleW(LPCWSTR lpModuleName)
EXTERNAL:0000000d	KERNEL32.DLL::HeapAlloc	LPVOID __stdcall HeapAlloc(HANDLE hHeap, DWORD dwFlags, SIZE_T dwBytes)
EXTERNAL:0000000e	KERNEL32.DLL::IsDebuggerPresent	BOOL __stdcall IsDebuggerPresent(void)
EXTERNAL:0000000f	KERNEL32.DLL::ReleaseSRWLockExclusive	void __stdcall ReleaseSRWLockExclusive(PSRWLOCK SRWLock)
EXTERNAL:00000010	KERNEL32.DLL::AcquireSRWLockExclusive	void __stdcall AcquireSRWLockExclusive(PSRWLOCK SRWLock)
EXTERNAL:00000011	KERNEL32.DLL::InitOnceBeginInitialize	BOOL __stdcall InitOnceBeginInitialize(LPINIT_ONCE lpInitOnce, DWORD dwFlags, PBOOL fPending, LPVOID * lpContext)
EXTERNAL:00000012	KERNEL32.DLL::InitOnceComplete	BOOL __stdcall InitOnceComplete(LPINIT_ONCE lpInitOnce, DWORD dwFlags, LPVOID lpContext)
EXTERNAL:00000013	KERNEL32.DLL::GetCurrentProcessId	DWORD __stdcall GetCurrentProcessId(void)
EXTERNAL:00000014	KERNEL32.DLL::CreateMutexExW	HANDLE __stdcall CreateMutexExW(LPSECURITY_ATTRIBUTES lpMutexAttributes, LPCWSTR lpName, DWORD dwFlags, DWORD dwDesiredAccess)
EXTERNAL:00000015	KERNEL32.DLL::ReleaseMutex	BOOL __stdcall ReleaseMutex(HANDLE hMutex)
EXTERNAL:00000016	KERNEL32.DLL::CreateSemaphoreExW	HANDLE __stdcall CreateSemaphoreExW(LPSECURITY_ATTRIBUTES lpSemaphoreAttributes, LONG lInitialCount, LONG lMaximumCount, LPCWSTR lpName, DWORD dwFlags, DWORD dwDesiredAccess)
EXTERNAL:00000017	KERNEL32.DLL::WaitForSingleObjectEx	DWORD __stdcall WaitForSingleObjectEx(HANDLE hHandle, DWORD dwMilliseconds, BOOL bAlertable)
EXTERNAL:00000018	KERNEL32.DLL::GetModuleFileNameA	DWORD __stdcall GetModuleFileNameA(HMODULE hModule, LPSTR lpFilename, DWORD nSize)
EXTERNAL:00000019	KERNEL32.DLL::GetModuleHandleExW	BOOL __stdcall GetModuleHandleExW(DWORD dwFlags, LPCWSTR lpModuleName, HMODULE * phModule)
EXTERNAL:0000001a	KERNEL32.DLL::DisableThreadLibraryCalls	BOOL __stdcall DisableThreadLibraryCalls(HMODULE hLibModule)
EXTERNAL:0000001b	KERNEL32.DLL::HeapFree	BOOL __stdcall HeapFree(HANDLE hHeap, DWORD dwFlags, LPVOID lpMem)
EXTERNAL:0000001c	KERNEL32.DLL::DebugBreak	void __stdcall DebugBreak(void)
EXTERNAL:0000001d	KERNEL32.DLL::OpenSemaphoreW	HANDLE __stdcall OpenSemaphoreW(DWORD dwDesiredAccess, BOOL bInheritHandle, LPCWSTR lpName)
EXTERNAL:0000001e	KERNEL32.DLL::ReleaseSemaphore	BOOL __stdcall ReleaseSemaphore(HANDLE hSemaphore, LONG lReleaseCount, LPLONG lpPreviousCount)
EXTERNAL:0000001f	KERNEL32.DLL::WaitForSingleObject	DWORD __stdcall WaitForSingleObject(HANDLE hHandle, DWORD dwMilliseconds)
EXTERNAL:00000020	KERNEL32.DLL::QueryUnbiasedInterruptTime	BOOL __stdcall QueryUnbiasedInterruptTime(PULONGLONG UnbiasedTime)
EXTERNAL:00000021	KERNEL32.DLL::CancelThreadpoolIo	void __stdcall CancelThreadpoolIo(PTP_IO pio)
EXTERNAL:00000022	KERNEL32.DLL::StartThreadpoolIo	void __stdcall StartThreadpoolIo(PTP_IO pio)
EXTERNAL:00000023	KERNEL32.DLL::FormatMessageW	DWORD __stdcall FormatMessageW(DWORD dwFlags, LPCVOID lpSource, DWORD dwMessageId, DWORD dwLanguageId, LPWSTR lpBuffer, DWORD nSize, va_list * Arguments)
EXTERNAL:00000024	KERNEL32.DLL::CreateThreadpoolIo	PTP_IO __stdcall CreateThreadpoolIo(HANDLE fl, PTP_WIN32_IO_CALLBACK pfnio, PVOID pv, PTP_CALLBACK_ENVIRON pcbe)
EXTERNAL:00000025	KERNEL32.DLL::SetThreadpoolThreadMaximum	void __stdcall SetThreadpoolThreadMaximum(PTP_POOL ptpp, DWORD cthrdMost)
EXTERNAL:00000026	KERNEL32.DLL::GetSystemInfo	void __stdcall GetSystemInfo(LPSYSTEM_INFO lpSystemInfo)
EXTERNAL:00000027	KERNEL32.DLL::CreateThreadpool	PTP_POOL __stdcall CreateThreadpool(PVOID reserved)
EXTERNAL:00000028	KERNEL32.DLL::PostQueuedCompletionStatus	BOOL __stdcall PostQueuedCompletionStatus(HANDLE CompletionPort, DWORD dwNumberOfBytesTransferred, ULONG_PTR dwCompletionKey, LPOVERLAPPED lpOverlapped)
EXTERNAL:00000029	KERNEL32.DLL::GetCurrentProcess	HANDLE __stdcall GetCurrentProcess(void)
EXTERNAL:0000002a	KERNEL32.DLL::DuplicateHandle	BOOL __stdcall DuplicateHandle(HANDLE hSourceProcessHandle, HANDLE hSourceHandle, HANDLE hTargetProcessHandle, LPHANDLE lpTargetHandle, DWORD dwDesiredAccess, BOOL bInheritHandle, DWORD dwOptions)
EXTERNAL:0000002b	KERNEL32.DLL::CreateIoCompletionPort	HANDLE __stdcall CreateIoCompletionPort(HANDLE FileHandle, HANDLE ExistingCompletionPort, ULONG_PTR CompletionKey, DWORD NumberOfConcurrentThreads)
EXTERNAL:0000002c	KERNEL32.DLL::CloseThreadpool	void __stdcall CloseThreadpool(PTP_POOL ptpp)
EXTERNAL:0000002d	KERNEL32.DLL::AcquireSRWLockShared	void __stdcall AcquireSRWLockShared(PSRWLOCK SRWLock)
EXTERNAL:0000002e	KERNEL32.DLL::ReleaseSRWLockShared	void __stdcall ReleaseSRWLockShared(PSRWLOCK SRWLock)
EXTERNAL:0000002f	KERNEL32.DLL::CloseThreadpoolIo	void __stdcall CloseThreadpoolIo(PTP_IO pio)
EXTERNAL:00000030	KERNEL32.DLL::WaitForThreadpoolIoCallbacks	void __stdcall WaitForThreadpoolIoCallbacks(PTP_IO pio, BOOL fCancelPendingCallbacks)
EXTERNAL:00000031	KERNEL32.DLL::SetLastError	void __stdcall SetLastError(DWORD dwErrCode)
EXTERNAL:00000032	KERNEL32.DLL::WideCharToMultiByte	int __stdcall WideCharToMultiByte(UINT CodePage, DWORD dwFlags, LPCWSTR lpWideCharStr, int cchWideChar, LPSTR lpMultiByteStr, int cbMultiByte, LPCSTR lpDefaultChar, LPBOOL lpUsedDefaultChar)
EXTERNAL:00000033	KERNEL32.DLL::GetLastError	DWORD __stdcall GetLastError(void)
EXTERNAL:00000034	KERNEL32.DLL::InterlockedFlushSList	PSLIST_ENTRY.conflict __stdcall InterlockedFlushSList(PSLIST_HEADER ListHead)
EXTERNAL:00000035	KERNEL32.DLL::DeleteCriticalSection	void __stdcall DeleteCriticalSection(LPCRITICAL_SECTION lpCriticalSection)
EXTERNAL:00000036	KERNEL32.DLL::InitializeCriticalSectionEx	BOOL __stdcall InitializeCriticalSectionEx(LPCRITICAL_SECTION lpCriticalSection, DWORD dwSpinCount, DWORD Flags)
EXTERNAL:00000037	KERNEL32.DLL::EncodePointer	PVOID __stdcall EncodePointer(PVOID Ptr)
EXTERNAL:00000038	KERNEL32.DLL::FlsFree	BOOL __stdcall FlsFree(DWORD dwFlsIndex)
EXTERNAL:00000039	KERNEL32.DLL::FlsSetValue	BOOL __stdcall FlsSetValue(DWORD dwFlsIndex, PVOID lpFlsData)
EXTERNAL:0000003a	KERNEL32.DLL::FlsGetValue	PVOID __stdcall FlsGetValue(DWORD dwFlsIndex)
EXTERNAL:0000003b	KERNEL32.DLL::FlsAlloc	DWORD __stdcall FlsAlloc(PFLS_CALLBACK_FUNCTION lpCallback)
EXTERNAL:0000003c	KERNEL32.DLL::RaiseException	void __stdcall RaiseException(DWORD dwExceptionCode, DWORD dwExceptionFlags, DWORD nNumberOfArguments, ULONG_PTR * lpArguments)
EXTERNAL:0000003d	KERNEL32.DLL::RtlPcToFileHeader	PVOID __stdcall RtlPcToFileHeader(PVOID PcValue, PVOID * BaseOfImage)
EXTERNAL:0000003e	KERNEL32.DLL::RtlUnwindEx	void __stdcall RtlUnwindEx(PVOID TargetFrame, PVOID TargetIp, PEXCEPTION_RECORD ExceptionRecord, PVOID ReturnValue, PCONTEXT ContextRecord, PUNWIND_HISTORY_TABLE HistoryTable)
EXTERNAL:0000003f	KERNEL32.DLL::RtlLookupFunctionEntry	PRUNTIME_FUNCTION __stdcall RtlLookupFunctionEntry(DWORD64 ControlPc, PDWORD64 ImageBase, PUNWIND_HISTORY_TABLE HistoryTable)
EXTERNAL:00000041	KERNEL32.DLL::GetSystemTimeAsFileTime	void __stdcall GetSystemTimeAsFileTime(LPFILETIME lpSystemTimeAsFileTime)
EXTERNAL:00000042	KERNEL32.DLL::QueryPerformanceCounter	BOOL __stdcall QueryPerformanceCounter(LARGE_INTEGER * lpPerformanceCount)
EXTERNAL:00000043	KERNEL32.DLL::GetCurrentThreadId	DWORD __stdcall GetCurrentThreadId(void)
EXTERNAL:00000044	KERNEL32.DLL::OutputDebugStringW	void __stdcall OutputDebugStringW(LPCWSTR lpOutputString)
EXTERNAL:00000045	KERNEL32.DLL::CloseHandle	BOOL __stdcall CloseHandle(HANDLE hObject)
EXTERNAL:00000046	KERNEL32.DLL::CancelIoEx	BOOL __stdcall CancelIoEx(HANDLE hFile, LPOVERLAPPED lpOverlapped)
EXTERNAL:00000047	KERNEL32.DLL::LocalFree	HLOCAL __stdcall LocalFree(HLOCAL hMem)
EXTERNAL:00000048	API-MS-WIN-CRT-STRING-L1-1-0.DLL::memset	void * __cdecl memset(void * _Dst, int _Val, size_t _Size)
EXTERNAL:00000049	API-MS-WIN-CRT-PRIVATE-L1-1-0.DLL::_o__callnewh	undefined _o__callnewh(void)
EXTERNAL:0000004a	API-MS-WIN-CRT-PRIVATE-L1-1-0.DLL::_o__calloc_base	undefined _o__calloc_base(void)
EXTERNAL:0000004b	API-MS-WIN-CRT-PRIVATE-L1-1-0.DLL::_o__cexit	undefined _o__cexit(void)
EXTERNAL:0000004c	API-MS-WIN-CRT-PRIVATE-L1-1-0.DLL::_o__configure_narrow_argv	undefined _o__configure_narrow_argv(void)
EXTERNAL:0000004d	API-MS-WIN-CRT-PRIVATE-L1-1-0.DLL::_o__crt_atexit	undefined _o__crt_atexit(void)
EXTERNAL:0000004e	API-MS-WIN-CRT-PRIVATE-L1-1-0.DLL::_o__errno	undefined _o__errno(void)
EXTERNAL:0000004f	API-MS-WIN-CRT-PRIVATE-L1-1-0.DLL::_o__execute_onexit_table	undefined _o__execute_onexit_table(void)
EXTERNAL:00000050	API-MS-WIN-CRT-PRIVATE-L1-1-0.DLL::_o__free_base	undefined _o__free_base(void)
EXTERNAL:00000051	API-MS-WIN-CRT-PRIVATE-L1-1-0.DLL::_o__initialize_narrow_environment	undefined _o__initialize_narrow_environment(void)
EXTERNAL:00000052	API-MS-WIN-CRT-PRIVATE-L1-1-0.DLL::_o__initialize_onexit_table	undefined _o__initialize_onexit_table(void)
EXTERNAL:00000053	API-MS-WIN-CRT-PRIVATE-L1-1-0.DLL::_o__invalid_parameter_noinfo	undefined _o__invalid_parameter_noinfo(void)
EXTERNAL:00000054	API-MS-WIN-CRT-PRIVATE-L1-1-0.DLL::_o__register_onexit_function	undefined _o__register_onexit_function(void)
EXTERNAL:00000055	API-MS-WIN-CRT-PRIVATE-L1-1-0.DLL::_o__seh_filter_dll	undefined _o__seh_filter_dll(void)
EXTERNAL:00000056	API-MS-WIN-CRT-PRIVATE-L1-1-0.DLL::_o__wcsnicmp	undefined _o__wcsnicmp(void)
EXTERNAL:00000057	API-MS-WIN-CRT-PRIVATE-L1-1-0.DLL::_o_abort	noreturn undefined _o_abort(void)
EXTERNAL:00000058	API-MS-WIN-CRT-PRIVATE-L1-1-0.DLL::_o_free	undefined _o_free(void)
EXTERNAL:00000059	API-MS-WIN-CRT-PRIVATE-L1-1-0.DLL::_o_malloc	undefined _o_malloc(void)
EXTERNAL:0000005a	API-MS-WIN-CRT-PRIVATE-L1-1-0.DLL::_o_terminate	noreturn undefined _o_terminate(void)
EXTERNAL:0000005b	API-MS-WIN-CRT-PRIVATE-L1-1-0.DLL::_o___stdio_common_vswprintf	undefined _o___stdio_common_vswprintf(void)
EXTERNAL:0000005c	API-MS-WIN-CRT-PRIVATE-L1-1-0.DLL::_o___std_exception_destroy	undefined _o___std_exception_destroy(void)
EXTERNAL:0000005d	API-MS-WIN-CRT-PRIVATE-L1-1-0.DLL::_o___std_exception_copy	undefined _o___std_exception_copy(void)
EXTERNAL:0000005e	FLTLIB.DLL::FilterConnectCommunicationPort	undefined FilterConnectCommunicationPort(void)
EXTERNAL:0000005f	FLTLIB.DLL::FilterSendMessage	undefined FilterSendMessage(void)
EXTERNAL:00000060	FLTLIB.DLL::FilterGetMessage	undefined FilterGetMessage(void)
EXTERNAL:00000061	RPCRT4.DLL::UuidCreate	RPC_STATUS __stdcall UuidCreate(UUID * Uuid)
EXTERNAL:00000062	USER32.DLL::CloseDesktop	BOOL __stdcall CloseDesktop(HDESK hDesktop)
EXTERNAL:00000063	USER32.DLL::OpenDesktopW	HDESK __stdcall OpenDesktopW(LPCWSTR lpszDesktop, DWORD dwFlags, BOOL fInherit, ACCESS_MASK dwDesiredAccess)
EXTERNAL:00000064	NTDLL.DLL::RtlDosPathNameToNtPathName_U_WithStatus	undefined RtlDosPathNameToNtPathName_U_WithStatus(void)
EXTERNAL:00000065	NTDLL.DLL::RtlFreeUnicodeString	undefined RtlFreeUnicodeString(void)
EXTERNAL:00000066	API-MS-WIN-CORE-SYNCH-L1-2-0.DLL::WakeByAddressSingle	undefined WakeByAddressSingle(void)
EXTERNAL:00000067	API-MS-WIN-CORE-SYNCH-L1-2-0.DLL::WaitOnAddress	undefined WaitOnAddress(void)
EXTERNAL:00000068	API-MS-WIN-CRT-RUNTIME-L1-1-0.DLL::_initterm	undefined _initterm(void)
EXTERNAL:00000069	API-MS-WIN-CRT-RUNTIME-L1-1-0.DLL::_initterm_e	undefined _initterm_e(void)
