180026f20	EspRsCreateCompositeFilter	undefined8 __fastcall EspRsCreateCompositeFilter(int param_1, longlong param_2, longlong param_3, undefined8 * param_4)
1800270d0	EspRsCreateFilter	undefined8 __fastcall EspRsCreateFilter(uint * param_1, undefined8 * param_2)
1800271d0	EspRsCreateNotFilter	undefined8 __fastcall EspRsCreateNotFilter(int * param_1, undefined8 * param_2, int param_3)
180027520	EspRsCreateRule	undefined8 __fastcall EspRsCreateRule(ulonglong * param_1, undefined8 * param_2, undefined8 * param_3)
180028510	EspRsDestroyFilter	undefined __fastcall EspRsDestroyFilter(longlong param_1)
180028560	EspRsDestroyRule	undefined __fastcall EspRsDestroyRule(longlong param_1)
1800285a0	EspRsGetNotificationPayload	int __fastcall EspRsGetNotificationPayload(undefined8 param_1, undefined8 param_2, longlong param_3, uint param_4, uint * param_5)
180028690	EspRsGetRuleDescriptor	undefined8 __fastcall EspRsGetRuleDescriptor(longlong param_1, longlong * param_2)
18002b080	EspRsInitNotification	undefined4 __fastcall EspRsInitNotification(ulonglong param_1, ulonglong param_2, longlong param_3, ulonglong param_4, ulonglong param_5)
18002b340	EspRsIsPropertyTypeSupported	undefined8 __fastcall EspRsIsPropertyTypeSupported(ulonglong param_1, undefined8 param_2, longlong param_3)
18002b410	EspRsSendClearEventQueue	int __fastcall EspRsSendClearEventQueue(longlong param_1, undefined8 * param_2)
18002b4e0	EspRsSendCloseCollection	int __fastcall EspRsSendCloseCollection(longlong param_1, undefined8 param_2)
18002b5a0	EspRsSendCloseEventObjectReference	int __fastcall EspRsSendCloseEventObjectReference(longlong param_1, undefined8 param_2)
18002b660	EspRsSendCloseEventQueue	int __fastcall EspRsSendCloseEventQueue(longlong param_1, undefined8 param_2)
18002b720	EspRsSendCompleteAsyncNotification	int __fastcall EspRsSendCompleteAsyncNotification(longlong param_1, undefined8 param_2)
18002b7e0	EspRsSendCreateCollection	undefined8 __fastcall EspRsSendCreateCollection(longlong param_1, ulonglong param_2, longlong param_3)
18002b920	EspRsSendCreateEventQueue	undefined4 __fastcall EspRsSendCreateEventQueue(longlong param_1, undefined8 * param_2, undefined8 * param_3)
18002ba30	EspRsSendEnumerateAllClientContextKeys	uint __fastcall EspRsSendEnumerateAllClientContextKeys(longlong param_1, longlong param_2, uint param_3, uint * param_4)
18002bb60	EspRsSendEnumerateAllEventObjectContextKeys	uint __fastcall EspRsSendEnumerateAllEventObjectContextKeys(longlong param_1, undefined8 param_2, longlong param_3, uint param_4, uint * param_5)
18002bc90	EspRsSendEnumerateClientRules	uint __fastcall EspRsSendEnumerateClientRules(longlong param_1, undefined4 * param_2, longlong param_3, uint param_4, uint * param_5)
18002be40	EspRsSendEnumerateCollectionEntries	uint __fastcall EspRsSendEnumerateCollectionEntries(longlong param_1, undefined8 * param_2, longlong param_3, uint param_4, uint * param_5)
18002bf80	EspRsSendEnumerateCollectionIds	uint __fastcall EspRsSendEnumerateCollectionIds(longlong param_1, undefined4 param_2, longlong param_3, uint param_4, uint * param_5)
18002c0f0	EspRsSendEnumerateConnectedClients	uint __fastcall EspRsSendEnumerateConnectedClients(longlong param_1, longlong param_2, uint param_3, uint * param_4)
18002c220	EspRsSendEnumerateEventQueueIds	uint __fastcall EspRsSendEnumerateEventQueueIds(longlong param_1, undefined4 param_2, longlong param_3, uint param_4, uint * param_5)
18002c390	EspRsSendEnumerateRegisteredClients	uint __fastcall EspRsSendEnumerateRegisteredClients(longlong param_1, longlong param_2, uint param_3, uint * param_4)
18002c4c0	EspRsSendGetEventCapabilities	ulonglong __fastcall EspRsSendGetEventCapabilities(longlong param_1, uint param_2, undefined4 * param_3)
18002c670	EspRsSendOpenCollection	int __fastcall EspRsSendOpenCollection(longlong param_1, undefined8 * param_2, longlong param_3)
18002c750	EspRsSendOpenEventQueue	int __fastcall EspRsSendOpenEventQueue(longlong param_1, undefined8 * param_2, undefined8 * param_3)
18002c850	EspRsSendQueryClientDescriptor	uint __fastcall EspRsSendQueryClientDescriptor(longlong param_1, undefined8 * param_2, longlong param_3, uint param_4, uint * param_5)
18002c990	EspRsSendQueryObjectProperties	undefined8 __fastcall EspRsSendQueryObjectProperties(longlong param_1, undefined8 param_2, uint param_3, int param_4, longlong param_5, longlong param_6, int param_7, longlong param_8)
18002cf10	EspRsSendReferenceEventObject	undefined8 __fastcall EspRsSendReferenceEventObject(longlong param_1, uint param_2, int param_3, longlong param_4, longlong param_5)
18002d5a0	EspRsSendRemoveAllClientRules	int __fastcall EspRsSendRemoveAllClientRules(longlong param_1)
18002d660	EspRsSendRemoveClientRules	undefined8 __fastcall EspRsSendRemoveClientRules(longlong param_1, ulonglong param_2)
18002d750	EspRsSendSetClientContextKey	undefined8 __fastcall EspRsSendSetClientContextKey(longlong param_1, int * param_2)
18002dae0	EspRsSendSetEventObjectContext	undefined8 __fastcall EspRsSendSetEventObjectContext(longlong param_1, undefined8 param_2, int * param_3)
18002de80	EspRsSendUpdateCollection	undefined8 __fastcall EspRsSendUpdateCollection(longlong param_1, longlong param_2, uint param_3, undefined8 param_4, int param_5, longlong param_6)
18002e260	EspRsSendUpdateRules	ulonglong __fastcall EspRsSendUpdateRules(longlong param_1, uint * param_2, ulonglong param_3, undefined4 param_4)
1800321f0	EspRsStringMatchesPattern	undefined EspRsStringMatchesPattern(void)
1800c3c20	EspInitUnicodeString	undefined8 __fastcall EspInitUnicodeString(longlong param_1, short * param_2)
1800c3c90	EspStringMatchesPattern	long __fastcall EspStringMatchesPattern(ushort * param_1, ushort * param_2, int * param_3)
1800c3e90	EspEnumerateEventQueueIds	long __fastcall EspEnumerateEventQueueIds(longlong * param_1, uint param_2, uint * param_3, undefined8 * param_4)
1800c4200	EspEnumerateCollectionEntries	long __fastcall EspEnumerateCollectionEntries(longlong * param_1, uint * param_2, undefined8 * param_3, uint param_4)
1800c4590	EspEnumerateCollectionIds	long __fastcall EspEnumerateCollectionIds(longlong * param_1, uint param_2, uint * param_3, undefined8 * param_4)
1800c4900	EspUpdateCollection	ulonglong __fastcall EspUpdateCollection(longlong * param_1, uint param_2, uint param_3, longlong param_4)
1800c4bd0	EspCloseCollection	undefined8 __fastcall EspCloseCollection(longlong * param_1)
1800c4d90	EspOpenCollection	int __fastcall EspOpenCollection(longlong * param_1, longlong * param_2, _RefCountBase * param_3)
1800c51f0	EspGetCollectionType	undefined4 __fastcall EspGetCollectionType(longlong * param_1, uint * param_2)
1800c5360	EspGetCollectionId	undefined8 __fastcall EspGetCollectionId(longlong * param_1, undefined8 * param_2)
1800c54e0	EspCreateCollection	int __fastcall EspCreateCollection(longlong * param_1, undefined8 * param_2, _RefCountBase * param_3)
1800c59e0	EspCreateDesktopReference	int __fastcall EspCreateDesktopReference(longlong * param_1, wchar_t * param_2, undefined8 * param_3)
1800c5ce0	EspCreateRegistryKeyReference	int __fastcall EspCreateRegistryKeyReference(longlong * param_1, int * param_2, _RefCountBase * param_3)
1800c62d0	EspCreateMailslotReference	int __fastcall EspCreateMailslotReference(longlong * param_1, int * param_2, _RefCountBase * param_3)
1800c6660	EspCreatePipeReference	int __fastcall EspCreatePipeReference(longlong * param_1, int * param_2, _RefCountBase * param_3)
1800c69f0	EspCreateDiskReference	int __fastcall EspCreateDiskReference(longlong * param_1, int * param_2, _RefCountBase * param_3)
1800c6d80	EspCreateVolumeReference	long __fastcall EspCreateVolumeReference(longlong * param_1, longlong * param_2, undefined8 * param_3)
1800c7080	EspCreateFileStreamReferenceById	int __fastcall EspCreateFileStreamReferenceById(longlong * param_1, longlong * param_2, longlong param_3, wchar_t * param_4, _RefCountBase * param_5)
1800c7540	EspCreateFileStreamReferenceByPath	int __fastcall EspCreateFileStreamReferenceByPath(longlong * param_1, int * param_2, _RefCountBase * param_3)
1800c78d0	EspCreateFileReferenceById	long __fastcall EspCreateFileReferenceById(longlong * param_1, longlong * param_2, longlong param_3, _RefCountBase * param_4)
1800c7c20	EspCreateFileReferenceByPath	int __fastcall EspCreateFileReferenceByPath(longlong * param_1, int * param_2, _RefCountBase * param_3)
1800c7fb0	EspIsClientPropertySupported	ulonglong __fastcall EspIsClientPropertySupported(longlong * param_1, uint param_2, int * param_3)
1800c81d0	EspIsEventPropertySupported	ulonglong __fastcall EspIsEventPropertySupported(longlong * param_1, uint param_2, int * param_3)
1800c83f0	EspIsTokenPropertySupported	ulonglong __fastcall EspIsTokenPropertySupported(longlong * param_1, uint param_2, int * param_3)
1800c8610	EspIsMailslotPropertySupported	ulonglong __fastcall EspIsMailslotPropertySupported(longlong * param_1, uint param_2, int * param_3)
1800c8830	EspIsPipePropertySupported	ulonglong __fastcall EspIsPipePropertySupported(longlong * param_1, uint param_2, int * param_3)
1800c8a50	EspIsKtmTransactionPropertySupported	ulonglong __fastcall EspIsKtmTransactionPropertySupported(longlong * param_1, uint param_2, int * param_3)
1800c8c70	EspIsDesktopPropertySupported	ulonglong __fastcall EspIsDesktopPropertySupported(longlong * param_1, uint param_2, int * param_3)
1800c8e90	EspIsRegistryKeyObjectPropertySupported	ulonglong __fastcall EspIsRegistryKeyObjectPropertySupported(longlong * param_1, uint param_2, int * param_3)
1800c90b0	EspIsRegistryKeyPropertySupported	ulonglong __fastcall EspIsRegistryKeyPropertySupported(longlong * param_1, uint param_2, int * param_3)
1800c92d0	EspIsDiskPropertySupported	ulonglong __fastcall EspIsDiskPropertySupported(longlong * param_1, uint param_2, int * param_3)
1800c94f0	EspIsVolumePropertySupported	ulonglong __fastcall EspIsVolumePropertySupported(longlong * param_1, uint param_2, int * param_3)
1800c9710	EspIsFileObjectPropertySupported	ulonglong __fastcall EspIsFileObjectPropertySupported(longlong * param_1, uint param_2, int * param_3)
1800c9930	EspIsFilePropertySupported	ulonglong __fastcall EspIsFilePropertySupported(longlong * param_1, uint param_2, int * param_3)
1800c9b50	EspIsFileStreamPropertySupported	ulonglong __fastcall EspIsFileStreamPropertySupported(longlong * param_1, uint param_2, int * param_3)
1800c9d70	EspIsProcessPropertySupported	ulonglong __fastcall EspIsProcessPropertySupported(longlong * param_1, uint param_2, int * param_3)
1800c9f90	EspIsThreadPropertySupported	ulonglong __fastcall EspIsThreadPropertySupported(longlong * param_1, uint param_2, int * param_3)
1800ca1b0	EspCreateThreadTokenReference	long __fastcall EspCreateThreadTokenReference(longlong * param_1, uint param_2, undefined8 * param_3)
1800ca470	EspCreateProcessTokenReference	long __fastcall EspCreateProcessTokenReference(longlong * param_1, uint param_2, undefined8 * param_3)
1800ca730	EspCreateProcessReference	long __fastcall EspCreateProcessReference(longlong * param_1, uint param_2, undefined8 * param_3)
1800ca9f0	EspCreateThreadReference	long __fastcall EspCreateThreadReference(longlong * param_1, uint param_2, undefined8 * param_3)
1800cacb0	EspGetEventCapabilities	ulonglong __fastcall EspGetEventCapabilities(longlong * param_1, uint param_2, uint * param_3)
1800caf70	EspFreeMemory	undefined __fastcall EspFreeMemory(void * param_1)
1800cb090	EspQueryDesktopProperties	long __fastcall EspQueryDesktopProperties(ESP_EVENT_OBJECT__ * param_1, uint param_2, uint * param_3, ESP_PROPERTY * * param_4)
1800cb230	EspQueryClientProperties	ulonglong __fastcall EspQueryClientProperties(longlong * param_1, uint param_2, uint * param_3, undefined8 * param_4)
1800cb570	EspQueryTokenProperties	long __fastcall EspQueryTokenProperties(ESP_EVENT_OBJECT__ * param_1, uint param_2, uint * param_3, ESP_PROPERTY * * param_4)
1800cb710	EspQueryMailslotProperties	long __fastcall EspQueryMailslotProperties(ESP_EVENT_OBJECT__ * param_1, uint param_2, uint * param_3, ESP_PROPERTY * * param_4)
1800cb8b0	EspQueryPipeProperties	long __fastcall EspQueryPipeProperties(ESP_EVENT_OBJECT__ * param_1, uint param_2, uint * param_3, ESP_PROPERTY * * param_4)
1800cba50	EspQueryDiskProperties	long __fastcall EspQueryDiskProperties(ESP_EVENT_OBJECT__ * param_1, uint param_2, uint * param_3, ESP_PROPERTY * * param_4)
1800cbbf0	EspQueryKtmTransactionProperties	long __fastcall EspQueryKtmTransactionProperties(ESP_EVENT_OBJECT__ * param_1, uint param_2, uint * param_3, ESP_PROPERTY * * param_4)
1800cbd90	EspQueryVolumeProperties	long __fastcall EspQueryVolumeProperties(ESP_EVENT_OBJECT__ * param_1, uint param_2, uint * param_3, ESP_PROPERTY * * param_4)
1800cbf30	EspQueryFileProperties	long __fastcall EspQueryFileProperties(ESP_EVENT_OBJECT__ * param_1, uint param_2, uint * param_3, ESP_PROPERTY * * param_4)
1800cc0d0	EspQueryFileStreamProperties	long __fastcall EspQueryFileStreamProperties(ESP_EVENT_OBJECT__ * param_1, uint param_2, uint * param_3, ESP_PROPERTY * * param_4)
1800cc270	EspQueryFileObjectProperties	long __fastcall EspQueryFileObjectProperties(ESP_EVENT_OBJECT__ * param_1, uint param_2, uint * param_3, ESP_PROPERTY * * param_4)
1800cc410	EspQueryRegistryKeyObjectProperties	long __fastcall EspQueryRegistryKeyObjectProperties(ESP_EVENT_OBJECT__ * param_1, uint param_2, uint * param_3, ESP_PROPERTY * * param_4)
1800cc5b0	EspQueryRegistryKeyProperties	long __fastcall EspQueryRegistryKeyProperties(ESP_EVENT_OBJECT__ * param_1, uint param_2, uint * param_3, ESP_PROPERTY * * param_4)
1800cc750	EspQueryThreadProperties	long __fastcall EspQueryThreadProperties(ESP_EVENT_OBJECT__ * param_1, uint param_2, uint * param_3, ESP_PROPERTY * * param_4)
1800cc8f0	EspQueryProcessProperties	long __fastcall EspQueryProcessProperties(ESP_EVENT_OBJECT__ * param_1, uint param_2, uint * param_3, ESP_PROPERTY * * param_4)
1800cca90	EspCloseEventObjectReference	long __fastcall EspCloseEventObjectReference(longlong * param_1)
1800ccd30	EspGetEventObjectFromReference	undefined8 __fastcall EspGetEventObjectFromReference(longlong * param_1, longlong * param_2)
1800ccf20	EspDuplicateEventObjectReference	ulonglong __fastcall EspDuplicateEventObjectReference(longlong * param_1, undefined8 * param_2)
1800cd3c0	EspCreateEventObjectReferenceById	long __fastcall EspCreateEventObjectReferenceById(longlong * param_1, _RefCountBase * param_2, undefined8 * param_3)
1800cd680	EspCreateEventObjectReference	long __fastcall EspCreateEventObjectReference(undefined8 * param_1, undefined8 * param_2)
1800cd8b0	EspEnumerateAllEventObjectContextKeys	long __fastcall EspEnumerateAllEventObjectContextKeys(longlong * param_1, uint * param_2, void * * param_3)
1800cdb40	EspEnumerateAllClientContextKeys	int __fastcall EspEnumerateAllClientContextKeys(uchar[8] * param_1, uint * param_2, void * * param_3)
1800cde50	EspSetClientContextKey	ulonglong __fastcall EspSetClientContextKey(longlong * param_1, int * param_2)
1800ce0e0	EspSetEventObjectContextKey	ulonglong __fastcall EspSetEventObjectContextKey(longlong * param_1, int * param_2)
1800ce2e0	EspGetEventObjectType	undefined8 __fastcall EspGetEventObjectType(longlong param_1, uint * param_2)
1800ce450	EspGetEventObjectId	undefined8 __fastcall EspGetEventObjectId(longlong param_1, __uint64 * param_2)
1800ce5a0	EspCompleteEventNotification	long __fastcall EspCompleteEventNotification(longlong param_1)
1800ce7f0	EspEnumerateRuleIds	long __fastcall EspEnumerateRuleIds(longlong * param_1, uint param_2, uint * param_3, undefined8 * param_4)
1800ceba0	EspEnumerateAllRulesForClient	int __fastcall EspEnumerateAllRulesForClient(longlong * param_1, uint * param_2, ulonglong * param_3, uint param_4)
1800cef50	EspRemoveRulesForClient	ulonglong __fastcall EspRemoveRulesForClient(longlong * param_1, uint param_2)
1800cf1d0	EspRemoveAllRulesForClient	long __fastcall EspRemoveAllRulesForClient(longlong * param_1)
1800cf440	EspUpdateRules	ulonglong __fastcall EspUpdateRules(longlong * param_1, uint param_2, uint param_3, longlong param_4)
1800cfc90	EspCloseRule	undefined8 __fastcall EspCloseRule(void * param_1)
1800cfdf0	EspGetRuleId	undefined8 __fastcall EspGetRuleId(longlong * param_1, _GUID * param_2)
1800cff60	EspCreateRule	ulonglong __fastcall EspCreateRule(ulonglong * param_1, undefined8 * param_2)
1800d0280	EspCloseFilter	undefined8 __fastcall EspCloseFilter(void * param_1)
1800d03e0	EspCreateNotFilter	void * __fastcall EspCreateNotFilter(longlong * param_1, undefined8 * param_2)
1800d0720	EspCreateXorFilter	long __fastcall EspCreateXorFilter(longlong * param_1, longlong * param_2, undefined8 * param_3)
1800d09c0	EspCreateOrFilter	long __fastcall EspCreateOrFilter(longlong * param_1, longlong * param_2, undefined8 * param_3)
1800d0c60	EspCreateAndFilter	long __fastcall EspCreateAndFilter(longlong * param_1, longlong * param_2, undefined8 * param_3)
1800d0f00	EspCreateEventFilter	long __fastcall EspCreateEventFilter(uint param_1, ESP_COMPARISON_TYPE param_2, void * param_3, undefined8 * param_4)
1800d10e0	EspCreateClientFilter	long __fastcall EspCreateClientFilter(uint param_1, ESP_COMPARISON_TYPE param_2, void * param_3, undefined8 * param_4)
1800d12c0	EspCreateTokenFilter	long __fastcall EspCreateTokenFilter(uint param_1, ESP_COMPARISON_TYPE param_2, void * param_3, undefined8 * param_4)
1800d14a0	EspCreateMailslotFilter	long __fastcall EspCreateMailslotFilter(uint param_1, ESP_COMPARISON_TYPE param_2, void * param_3, undefined8 * param_4)
1800d1680	EspCreatePipeFilter	long __fastcall EspCreatePipeFilter(uint param_1, ESP_COMPARISON_TYPE param_2, void * param_3, undefined8 * param_4)
1800d1860	EspCreateKtmTransactionFilter	long __fastcall EspCreateKtmTransactionFilter(uint param_1, ESP_COMPARISON_TYPE param_2, void * param_3, undefined8 * param_4)
1800d1a40	EspCreateDesktopFilter	long __fastcall EspCreateDesktopFilter(uint param_1, ESP_COMPARISON_TYPE param_2, void * param_3, undefined8 * param_4)
1800d1c20	EspCreateRegistryKeyObjectFilter	long __fastcall EspCreateRegistryKeyObjectFilter(uint param_1, ESP_COMPARISON_TYPE param_2, void * param_3, undefined8 * param_4)
1800d1e00	EspCreateRegistryKeyFilter	long __fastcall EspCreateRegistryKeyFilter(uint param_1, ESP_COMPARISON_TYPE param_2, void * param_3, undefined8 * param_4)
1800d1fe0	EspCreateDiskFilter	long __fastcall EspCreateDiskFilter(uint param_1, ESP_COMPARISON_TYPE param_2, void * param_3, undefined8 * param_4)
1800d21c0	EspCreateVolumeFilter	long __fastcall EspCreateVolumeFilter(uint param_1, ESP_COMPARISON_TYPE param_2, void * param_3, undefined8 * param_4)
1800d23a0	EspCreateFileObjectFilter	long __fastcall EspCreateFileObjectFilter(uint param_1, ESP_COMPARISON_TYPE param_2, void * param_3, undefined8 * param_4)
1800d2580	EspCreateFileFilter	long __fastcall EspCreateFileFilter(uint param_1, ESP_COMPARISON_TYPE param_2, void * param_3, undefined8 * param_4)
1800d2760	EspCreateFileStreamFilter	long __fastcall EspCreateFileStreamFilter(uint param_1, ESP_COMPARISON_TYPE param_2, void * param_3, undefined8 * param_4)
1800d2940	EspCreateProcessFilter	long __fastcall EspCreateProcessFilter(uint param_1, ESP_COMPARISON_TYPE param_2, void * param_3, undefined8 * param_4)
1800d2b20	EspCreateThreadFilter	long __fastcall EspCreateThreadFilter(uint param_1, ESP_COMPARISON_TYPE param_2, void * param_3, undefined8 * param_4)
1800d2d00	EspCreateFilter	long __fastcall EspCreateFilter(ESP_COMPARISON_TYPE param_1, void * param_2, undefined8 * param_3)
1800d2ed0	EspRemoveEventQueueStateChangeCallback	int __fastcall EspRemoveEventQueueStateChangeCallback(longlong * param_1)
1800d3190	EspSetEventQueueStateChangeCallback	long __fastcall EspSetEventQueueStateChangeCallback(longlong * param_1, PVOID param_2, _RefCountBase * param_3, PortListener param_4, PortListener param_5)
1800d37a0	EspClearEventQueue	long __fastcall EspClearEventQueue(longlong * param_1)
1800d3a30	EspGetEventQueueId	undefined8 __fastcall EspGetEventQueueId(longlong * param_1, _GUID * param_2)
1800d3ba0	EspDisconnectEventQueue	int __fastcall EspDisconnectEventQueue(longlong * param_1)
1800d3ec0	EspOpenEventQueue	int __fastcall EspOpenEventQueue(longlong * param_1, _GUID * param_2, _RefCountBase * param_3)
1800d42f0	EspCloseEventQueue	long __fastcall EspCloseEventQueue(longlong * param_1)
1800d4520	EspConnectEventQueueWithIocp	int __fastcall EspConnectEventQueueWithIocp(undefined8 * param_1, uint param_2, undefined8 * param_3)
1800d4660	EspConnectEventQueueWithCallback	long __fastcall EspConnectEventQueueWithCallback(undefined8 * param_1, uint param_2, _func_void_ESP_EVENT_NOTIFICATION_ptr_void_ptr * param_3, void * param_4)
1800d4780	EspCreateEventQueue	int __fastcall EspCreateEventQueue(longlong * param_1, ulong * param_2, _RefCountBase * param_3)
1800d4c70	EspArmEventNotification	long __fastcall EspArmEventNotification(longlong * param_1, longlong param_2)
1800d4f40	EspFreeEventNotification	undefined __fastcall EspFreeEventNotification(ESP_EVENT_NOTIFICATION * param_1)
1800d5070	EspAllocateEventNotification	longlong __fastcall EspAllocateEventNotification(void)
1800d51a0	EspQueryClientDescriptor	long __fastcall EspQueryClientDescriptor(undefined8 * param_1, undefined8 * param_2, undefined8 param_3, __uint64 param_4)
1800d5510	EspEnumerateConnectedClients	long __fastcall EspEnumerateConnectedClients(uint * param_1, void * * param_2, undefined8 param_3, __uint64 param_4)
1800d5830	EspEnumerateRegisteredClients	long __fastcall EspEnumerateRegisteredClients(uint * param_1, void * * param_2, undefined8 param_3, __uint64 param_4)
1800d5b50	EspDisconnectClient	long __fastcall EspDisconnectClient(longlong * param_1)
1800d5df0	EspConnectClient	long __fastcall EspConnectClient(longlong * param_1, undefined8 * param_2)
1800d62f0	EspUnregisterClient	long __fastcall EspUnregisterClient(undefined8 * param_1)
1800d65e0	EspRegisterClient	ulonglong __fastcall EspRegisterClient(undefined8 * param_1)
1800d99c0	EspCppCloseEventQueueReference	undefined __fastcall EspCppCloseEventQueueReference(void * param_1)
1800d9a00	EspCppReferenceEventQueue	undefined8 __fastcall EspCppReferenceEventQueue(longlong * param_1, undefined8 * param_2, undefined8 * param_3)
1800d9ad0	EspCppGetRustRule	undefined8 __fastcall EspCppGetRustRule(longlong * param_1)
1800d9b10	EspCppCloseCollectionReference	undefined __fastcall EspCppCloseCollectionReference(void * param_1)
1800d9b50	EspCppReferenceCollection	undefined8 __fastcall EspCppReferenceCollection(longlong * param_1, undefined8 * param_2, undefined8 * param_3)
1800d9c20	EspCppFastFail	undefined __fastcall EspCppFastFail(void)
